name,new,total,May 31,Jun 7,Jun 14,Jun 21,Jun 28,Jul 5,Jul 12,Jul 19,Jul 26,Aug 2,Aug 9,Aug 16,Aug 23
Amazing Grace (My Chains Are Gone),,1,,,,,,,✓,,,,,,
Battle Belongs,,1,,,,,,✓,,,,,,,
Be Still My Soul,new,1,,,,,,,,,,,,,✓
Be Thou My Vision,,2,,,,✓,,,,✓,,,,,
Because Of Christ,,1,,,,,,,✓,,,,,,
Build My Life,,1,,,,,✓,,,,,,,,
Christ Be All Around Me,,2,✓,,,,,,,,,,✓,,
Christ Be Magnified,,1,,,,,✓,,,,,,,,
Come As You Are,,1,,,,,,,,,,,,✓,
Cornerstone,,1,,,,,,,,,,✓,,,
Firm Foundation (He Won't),,1,,,✓,,,,,,,,,,
Glorious Day,,1,,,,✓,,,,,,,,,
God I'm Just Grateful,new,1,,,,,,,,,,,✓,,
God So Loved,,1,,,,,,,,,,,,✓,
Goodness Of God,,1,,,,,,,,,✓,,,,
Gratitude,,1,,,✓,,,,,,,,,,
Graves Into Gardens,,1,,,,,,,,✓,,,,,
Great Are You Lord,,1,,,,,,,,,,,,✓,
Great Things,,1,,✓,,,,,,,,,,,
Greatness,new,2,,,,,,✓,,✓,,,,,
Holy Spirit,,1,,,,✓,,,,,,,,,
House Of The Lord,,1,,,,✓,,,,,,,,,
How Deep The Father's Love For Us,,1,,,,,,,,,,,✓,,
How Great Is Our God,,1,,,,,,,,,,,✓,,
How He Loves,,1,,,,,✓,,,,,,,,
I Know A Name,,1,,,,,,,,,,,,,✓
I Speak Jesus,,2,,,,,,,,✓,,,✓,,
I Stand Amazed in the Presence,,1,,,,,,,,,,,,,✓
I Thank God,,2,,,✓,,,,,,,,✓,,
It Is Well,,1,,,,,,,,,,,,,✓
Jesus Paid It All,,1,,,,,,,,,,,,✓,
Lord I Need You,,2,✓,,,,,,,,,✓,,,
Make Room,,1,,,,,,,,✓,,,,,
Nothing But The Blood (Plainfield),,1,,,,,,,,,✓,,,,
Praise To The Lord the Almighty,,1,,,,,,,✓,,,,,,
Psalm 23 (I Am Not Alone),,1,,,,,,✓,,,,,,,
Raise A Hallelujah,,1,,,,,,✓,,,,,,,
Reckless Love,,1,,,,,,,,,✓,,,,
Rest On Us,,1,,,✓,,,,,,,,,,
Run To The Father,,2,✓,,,,,,,,✓,,,,
See A Victory,,1,,,,,,✓,,,,,,,
The Blessing,,1,,,,,,,,,,✓,,,
The Father's House,,1,,,,,,,✓,,,,,,
The Lord Will Provide,,2,,✓,,,,,,,✓,,,,
The Stand,new,1,,,,✓,,,,,,,,,
The Wonderful Cross,,2,,✓,,,,,,,,✓,,,
This Is How I Fight My Battles,,1,✓,,,,,,,,,,,,
Trust In God,,1,,✓,,,,,,,,,,,
Washed,new,4,✓,,✓,,,,✓,,,,,,✓
We Exalt Thee,new,1,,,,,,,,✓,,,,,
We Praise You,,2,,,,,✓,,,,,✓,,,
Who Else,,2,,✓,,,,,,,,,,✓,
You've Already Won,,1,,,,,✓,,,,,,,,
