CCLI #,Song Name,Author,Plans,Stream,doc,docx,m4a,mp3,mp4,odt,pdf,other
6016351,"10,000 Reasons (Bless The Lord)",Jonas Myrin and Matt Redman,0,0,0,0,0,0,0,0,2,0
7190270,A Thousand Hallelujahs,"Brooke Ligertwood, Phil Wickham, and Scott Ligertwood",1,0,0,0,0,0,0,0,4,2
626713,Agnus Dei,Michael W. Smith,2,0,0,0,0,0,0,0,4,0
5305393,All Creation Sing (Joy To The World),Steve Fee,0,0,1,0,0,1,0,0,0,0
1074010,All Creatures Of Our God And King,William Henry Draper and St. Francis of Assisi,0,0,0,0,0,0,0,0,0,0
7097216,All Hail King Jesus,"Jeremy Riddle, Peter Mattis, Ran Jackson, and Steffany Gretzinger",4,0,0,0,0,0,0,0,12,12
4455213,All I Need Is You,Marty Sampson,0,0,0,0,0,0,0,0,1,0
5925670,All My Fountains,"Daniel Carson, Christy Nockels, Nathan Nockels, and Chris Tomlin",1,0,0,0,0,3,0,0,4,0
7068805,All My Hope,David Crowder and Ed Cash,1,0,0,0,0,0,0,0,3,4
5881130,All The Poor And Powerless,Leslie Jordan and David Leonard,1,0,0,0,0,0,0,0,6,6
2489542,All Who Are Thirsty,Brenton Brown and Glenn Robertson,1,0,0,0,0,0,0,0,3,0
4654148,Alpha And Omega,Erasmus Mutanbira,0,0,0,0,0,0,0,0,2,0
4768151,Amazing Grace (My Chains Are Gone),"Edwin Othello Excell, Louie Giglio, John Newton, John P. Rees, and Chris Tomlin",2,0,0,0,0,1,0,0,6,0
27721,Angels We Have Heard On High,Edward Shippen Barnes and James Chadwick,2,0,0,0,0,0,0,0,4,0
1431,As The Deer,Martin Nystrom,0,0,0,0,0,0,0,0,1,0
38583,Away In A Manger,"Martin Luther, John Thomas McFarland, and James Ramsey Murray",0,0,0,0,0,0,0,0,1,0
41099,Awesome God,Rich Mullins,0,0,0,0,0,0,0,0,1,0
7148126,Battle Belongs,Brian Johnson and Phil Wickham,8,0,0,0,0,0,0,0,6,14
7102393,Be Still,Ben Fielding and Reuben Morgan,0,0,0,0,0,0,0,0,1,0
30639,Be Thou My Vision,Mary Elizabeth Byrne and Eleanor Henrietta Hull,0,0,0,0,0,0,0,0,0,0
5124024,Beautiful,Philip Wickham,0,0,0,0,0,0,0,0,1,0
5665521,Beautiful Things,Lisa Gungor and Michael Gungor,3,0,0,0,0,5,0,0,13,2
7178732,Because Of Christ,,0,0,0,0,0,0,0,0,1,0
5003372,Behold The Lamb,"Keith Getty, Kristyn Getty, and Stuart Townend",0,0,0,0,0,0,0,0,2,0
7011451,Blessed Assurance,Chris Brown and Mack Brock,1,0,0,0,0,0,0,0,5,0
5910977,Break Every Chain,Will Reagan,0,0,0,0,0,0,0,0,1,0
7019974,Broken Vessels (Amazing Grace),"Edwin Othello Excell, Joel Houston, John Newton, John P. Rees, and Jonas Myrin",3,0,0,0,0,0,0,0,7,0
5881109,Brokenness Aside,Leslie Jordan and David Leonard,1,0,0,0,0,0,0,0,5,3
7070345,Build My Life,"Brett Younker, Karl Martin, Kirby Kable, Pat Barrett, and Matt Redman",4,0,0,0,0,1,0,0,14,6
7207614,Call On The Name,"Aodhan King, Ben Tan, Chris Davenport, and Cody Carnes",0,0,0,0,0,0,0,0,2,0
4705190,Came To My Rescue,"Joel Davies, Marty Sampson, and Dylan Thomas",2,0,1,0,0,4,0,0,8,0
5124055,Cannons,Philip Wickham and Phil Wickham,0,0,0,0,0,0,0,0,1,0
7163015,Catch Me Singing,Brenton Brown and Sean Curran,0,0,0,0,0,0,0,0,1,0
7016414,Christ Be All Around Me,"Jack Mooring, Leeland Mooring, David Leonard, and Leslie Jordan",2,0,0,0,0,0,0,0,10,2
7139866,Christ Be Magnified,"Cody Carnes, Cory Asbury, and Ethan Hulse",5,0,0,0,0,0,0,0,5,4
6514035,Christ Is Enough,Reuben Morgan and Jonas Myrin,3,0,0,0,0,0,0,0,8,6
27965,Christ The Lord Is Risen Today,Charles Wesley,1,0,0,0,0,0,0,0,6,0
7017790,Come As You Are,"Matt Maher, David Crowder, and Ben Glover",3,0,0,0,0,0,0,0,7,5
108389,Come Thou Fount,Robert Robinson and John Wyeth,1,0,0,0,0,0,0,0,6,0
2919359,Come Thou Fount Of Every Blessing,David Crowder and Robert Robinson,0,0,1,0,0,1,0,0,0,0
4744735,Come Thou Long Expected Jesus,"Rowland Prichard, Ralph Vaughan Williams, and Charles Wesley",1,0,0,0,0,0,0,0,0,0
6158927,Cornerstone,"William Batchelder Bradbury, Eric Liljero, Reuben Morgan, Edward Mote, and Jonas Myrin",3,0,4,0,0,5,0,0,9,0
7067555,Do It Again,"Chris Brown, Mack Brock, Steven Furtick, and Matt Redman",3,0,0,0,0,0,0,0,12,1
4568784,Down To The River To Pray - old hymn,Lloyd Larson,0,0,0,1,0,0,0,0,0,0
1459484,Draw Me Close,Kelly Carpenter,1,0,0,0,3,0,0,0,4,0
7097860,Establish The Work Of Our Hands,Isaac Wardell,0,0,0,0,0,0,0,0,4,0
4556538,Everlasting God,Brenton Brown and Ken Riley,1,0,0,0,0,2,0,0,4,0
2798154,Everyday,Joel Houston,0,0,0,0,0,0,0,0,2,0
7051410,Eye Of The Storm,Bryan Fowler and Ryan Dale Stevenson,0,0,0,0,0,0,0,0,0,0
7188203,Firm Foundation (He Won't),"Austin Davis, Chandler Moore, and Cody Carnes",5,0,0,0,0,0,0,0,15,6
,For the Beauty of the Earth,,1,0,0,0,0,0,0,0,0,8
7150368,Fresh Fire,"Brandon Lake, Dante Bowe, Hannah McClure, Jonathan Jay, Paul McClure, and Tony Brown",3,0,0,0,0,5,0,0,8,4
,From the Squalor of a Borrowed Stable,,0,0,1,0,0,0,0,0,4,0
5680939,Give Me Faith,"Mack Brock, Chris Brown, London Gatch, and Wade Joye",0,0,0,0,0,0,0,0,1,0
4874344,Give Me Jesus,Jeremy Camp,0,0,0,1,0,0,0,0,0,0
2060208,Give Us Clean Hands,Charlie Hall,0,0,0,0,0,0,0,0,1,0
6231507,Glorious,"BJ Putnam, Doug Engquist, Laurie Engquist, and Israel Houghton",0,0,0,0,0,0,0,0,1,0
7081388,Glorious Day,"Kristian Stanfill, Sean Curran, Jason Ingram, and Jonathan Smith",3,0,0,0,0,2,0,0,7,4
29080,Go Tell It On The Mountain,John W. Work,0,0,1,0,0,0,0,0,0,0
6132871,Go Tell It On The Mountain (Go Tell It),Pepper Choplin and John W. Work,0,0,0,0,0,0,0,0,1,0
5858163,God I Look To You,Jenn Johnson,5,0,0,0,0,0,0,0,8,13
39441,God Rest Ye Merry Gentlemen,,2,0,0,0,0,0,0,0,7,0
7138599,God So Loved,"Andrew Bergthold, Ed Cash, Franni Cash, Martin Cash, and Scott Cash",2,0,0,0,0,0,0,0,8,7
7036612,Good Good Father,Anthony Brown and Pat Barrett,2,0,0,0,0,0,0,0,8,3
7117726,Goodness Of God,Ed Cash and Jenn Johnson,4,0,0,0,0,0,0,0,12,11
7158417,Gratitude,"Benjamin Hastings, Brandon Lake, and Dante Bowe",2,0,0,0,0,0,0,0,11,11
7138219,Graves Into Gardens,"Brandon Lake, Chris Brown, Steven Furtick, and Tiffany Hammer",3,0,0,0,0,0,0,0,11,6
6460220,Great Are You Lord,Leslie Jordan and David Leonard,4,0,0,0,0,0,0,0,10,4
18723,Great Is Thy Faithfulness,Thomas Obediah Chisholm and William Marion Runyan,1,0,0,0,0,0,0,0,2,0
7111321,Great Things,Jonas Myrin and Phil Wickham,4,0,0,0,0,6,0,0,10,10
27738,Hark The Herald Angels Sing,Felix Mendelssohn and Charles Wesley,1,0,0,0,0,0,0,0,4,0
7002100,Hark The Herald Angels Sing,"Felix Mendelssohn, Charles Wesley, and Paul Baloche",2,0,0,0,0,0,0,0,6,0
7111925,Here Again,"Amy Corbett, Chris Brown, and Steven Furtick",2,0,0,0,0,0,0,0,9,8
7051506,Here As In Heaven,"Mack Brock, Wade Joye, Christopher Brown, Matt Ntele, and Steven Furtick",2,0,0,0,0,0,0,0,9,7
3266032,Here I Am To Worship,Tim Hughes,0,0,0,0,0,0,0,0,1,0
7122399,Highlands (Song Of Ascent),Benjamin Hastings and Joel Houston,0,0,0,0,0,0,0,0,2,0
3501780,Holy Holy Holy,Peter King and Reuben Morgan,0,0,0,0,0,0,0,0,1,0
6087919,Holy Spirit,Bryan Torwalt and Katie Torwalt,4,0,0,0,0,5,0,0,9,3
7191257,Honey In The Rock,"Brandon Lake, Brooke Ligertwood, and Mitch Wong",0,0,0,0,0,0,0,0,1,1
4785835,Hosanna,Brooke Fraser,3,0,8,0,0,8,0,0,12,10
4662491,Hosanna (Praise Is Rising),Paul Baloche and Brenton Brown,1,0,2,0,0,0,0,0,9,7
7168995,House Of The Lord,Jonathan Smith and Phil Wickham,5,0,0,0,0,0,0,0,11,6
1558110,How Deep The Father's Love For Us,Stuart Townend,4,0,0,0,0,7,0,0,10,0
4348399,How Great Is Our God,"Chris Tomlin, Ed Cash, and Jesse Reeves",0,0,0,0,0,0,0,0,2,0
14181,How Great Thou Art,Stuart Wesley Keene Hine,1,0,0,0,0,0,0,2,3,0
5032549,How He Loves,John Mark McMillan,1,0,3,0,0,4,0,0,6,0
5351880,How Many Kings,Jason Germain and Marc Martel,1,0,0,0,0,0,0,0,3,0
,I Believe,,0,0,0,0,0,0,0,0,1,0
6087995,I Breathe You In God,Bryan Torwalt and Katie Torwalt,0,0,0,0,0,0,0,0,1,0
5873382,I Give Myself Away,William McDowell and Sam Hinn,4,0,0,0,0,0,0,0,10,0
25266,I Love You Lord,Laurie Klein,0,0,0,0,0,0,0,0,2,0
5806878,I Will Follow,Reuben Morgan and Chris Tomlin,0,0,0,0,0,0,0,0,0,0
7183165,I'll Follow You,Jonathan Traylor,0,0,0,0,0,0,0,0,1,0
7213282,I've Witnessed It,"Andrew Holt, Austin Davis, and Melodie Malone",0,0,0,0,0,0,0,0,3,0
3350395,In Christ Alone,Keith Getty and Stuart Townend,1,0,0,0,0,0,0,0,1,0
7186326,In Jesus Name (God Of Possible),"David Spencer, Ethan Hulse, Jeff Pardo, and Katy Nichole",0,0,0,0,0,0,0,0,1,0
294736,In The Bleak Midwinter,Christina G. Rossetti and Gustav Theodore Holst,1,0,0,0,0,0,0,0,2,0
3483224,Invitacion Fountain,Michael J. Pritzl,1,0,0,0,0,0,0,0,2,0
7021972,It Is Well,"Horatio Gates Spafford, Kristene DiMarco, and Philip Paul Bliss",1,0,0,2,0,4,0,0,6,0
7171907,It Was Finished Upon That Cross,"Jonny Robinson, Nigel Hendroff, and Rich Thompson",0,0,0,0,0,0,0,0,2,0
5183443,Jesus Messiah,"Daniel Carson, Ed Cash, Jesse Reeves, and Chris Tomlin",2,0,0,0,0,5,0,0,6,0
4689508,Jesus Paid It All,"John Thomas Grape, Elvina M. Hall, and Alex Nifong",3,0,1,0,0,3,0,0,5,3
5322950,Jesus Saves,Tim Hughes and Nick Herbert,0,0,0,0,0,0,0,0,1,0
24016,Joy To The World,George Frederic Handel and Isaac Watts,1,0,0,0,0,0,0,0,4,0
5607039,Joy To The World (Unspeakable Joy),"Ed Cash, Matt Gilder, George Frederic Handel, Chris Tomlin, and Isaac Watts",1,0,0,0,0,0,0,0,2,0
7127647,King Of Kings,"Brooke Ligertwood, Jason Ingram, and Scott Ligertwood",3,0,0,0,0,0,0,0,9,6
7046145,King Of My Heart,John Mark McMillan and Sarah McMillan,3,0,0,0,0,0,0,0,8,3
4785828,Lead Me To The Cross,Brooke Fraser,2,0,0,0,7,0,0,0,5,5
7192530,Leaning,"Brian Elmquist, Jacob Sooter, Lizzie Morgan, and Matt Maher",0,0,0,0,0,0,0,0,3,0
7159776,Lift My Eyes,"Brandon Chase, Ethan Hulse, Jeff Pardo, and Matthew Hein",0,0,0,0,0,0,0,0,1,0
7106807,Living Hope,Brian Johnson and Phil Wickham,2,0,0,0,0,0,0,0,6,4
2137289,Lo How A Rose,Eugene Englert,1,0,0,0,0,0,0,0,4,0
5925687,Lord I Need You,"Daniel Carson, Matt Maher, Christy Nockels, and Jesse Reeves",2,0,0,0,0,0,0,0,0,8
5148938,Love Came Down,"Jeremy Edwardson, Brian Johnson, Ian McIntosh, and Jeremy Riddle",2,0,0,0,0,0,0,0,8,5
4572938,Love The Lord,Lincoln Brewster,2,0,0,0,0,0,0,0,6,2
7026321,Made New,"Colby Wedgeworth, Josiah James Meeker, and Lincoln Brewster",0,0,0,0,0,0,0,0,1,0
6476063,Man Of Sorrows,Matt Crocker and Brooke Ligertwood,1,0,0,0,0,0,0,0,5,1
7226106,Manger Throne,,1,0,0,0,0,0,0,0,5,0
839225,Mary Did You Know,Buddy Greene and Mark Lowry,1,0,0,0,0,0,0,0,5,0
7133642,Mercies (New Every Morning),"Colby Taylor, Daniel Kim, Edith McNeil, Matt Redman, and May Angeles",0,0,0,0,0,0,0,0,0,0
4591782,Mighty To Save,Ben Fielding and Reuben Morgan,0,0,0,0,0,0,0,0,7,0
27817,My Jesus I Love Thee,William R. Featherston and Adoniram Judson Gordon,0,0,0,0,0,0,0,0,2,0
7002032,My Lighthouse,Rend Collective Experiment,1,0,0,0,0,4,0,0,2,4
7054548,My Victory,"Darren Mulligan, David Crowder, Ed Cash, and Hank Bentley",0,0,0,0,0,0,0,0,1,0
7030123,No Longer Slaves,Jonathan David Helser and Melissa Helser,0,0,0,0,0,0,0,0,1,0
7093736,No One Like Our God,"Corbin Phillips, Lincoln Brewster, and Taylor Gall",0,0,0,0,0,0,0,0,1,0
7050419,Noel,"Chris Tomlin, Ed Cash, and Matt Redman",1,0,0,0,0,0,0,0,6,2
7161646,Noel (He Is Born),Tommee Profitt,0,0,0,0,0,0,0,0,1,0
21332,Nothing But The Blood (Plainfield),Robert Lowry,4,0,0,0,0,0,0,0,10,0
31054,O Come All Ye Faithful,C. Frederick Oakeley and John Francis Wade,3,0,1,0,0,5,0,0,6,0
7051511,O Come To The Altar,"Christopher Brown, Mack Brock, Steven Furtick, and Wade Joye",2,0,0,0,0,0,0,0,6,8
1741697,O Little Town Of Bethlehem,Phillips Brooks,1,0,0,0,0,0,0,0,4,0
6428767,Oceans (Where Feet May Fail),"Matt Crocker, Joel Houston, and Salomon Ligthelm",1,0,0,0,0,0,0,0,2,0
6304702,Open Up The Heavens,"Andi Rozier, James McDonald, Meredith Andrews, and Stuart Garrard",2,0,0,0,0,0,0,0,10,11
5677416,Our God,"Jonas Myrin, Matt Redman, Jesse Reeves, and Chris Tomlin",0,0,0,0,0,0,0,0,0,0
4543620,Praise You In This Storm,Mark Hall and Bernie Herms,0,0,0,0,0,0,0,0,0,0
7111981,Psalm 23 (I Am Not Alone),"Laurel Taylor, Joshua Sherman, Steven Musso, and The Emerging Sound",4,0,0,0,0,0,0,0,10,2
7119315,Raise A Hallelujah,"Jake Stevens, Jonathan Helser, Melissa Helser, and Molly Skaggs",3,0,0,0,0,0,0,0,10,7
7089641,Reckless Love,"Caleb Culver, Cory Asbury, and Ran Jackson",2,0,0,0,0,0,0,0,5,5
7102398,Remembrance,Chris Davenport and Benjamin Hastings,3,0,0,0,0,0,0,0,7,4
5484616,Remembrance (The Communion Song),Matt Maher and Matt Redman,0,0,0,0,0,0,0,0,1,0
7051507,Resurrecting,"Christopher Brown, Mack Brock, Matt Ntele, Steven Furtick, and Wade Joye",0,0,0,0,0,0,0,0,2,0
4447960,Revelation Song,Jennie Lee Riddle,2,0,0,0,0,0,0,0,8,5
6364759,Rising Sun,"David Leonard, Leslie Jordan, and Kyle Lee",3,0,0,0,0,0,0,0,4,1
7183537,Same God,"Brandon Lake, Chris Brown, Pat Barrett, and Steven Furtick",1,0,0,0,0,2,0,0,5,4
7129060,See A Victory,"Ben Fielding, Chris Brown, Jason Ingram, and Steven Furtick",4,0,0,0,0,0,0,0,10,4
4629513,Silent Night,"Jim Bryson, Barry Graul, Bart Millard, Brown Bannister, Mike Scheuchzer, Nathan Cochran, Robby Shaffer, Franz Xaver Gruber, and Joseph Mohr",1,0,0,0,0,0,0,0,5,0
7195486,Simple Kingdom,,3,0,0,0,0,0,0,0,8,3
6605236,Sinking Deep,Joel Davies and Aodhan King,1,0,0,0,0,0,0,0,6,0
5463280,Still,Winnie Schweitzer and Reuben Morgan,0,0,0,0,0,0,0,0,1,0
4514635,Sweetly Broken,Jeremy Riddle,1,0,0,0,0,0,0,0,3,2
4162843,Take My Life,"Louie Giglio, Frances Ridley Havergal, Henri Abraham Cesar Malan, and Chris Tomlin",1,0,1,0,0,3,0,0,5,0
7147007,The Blessing,"Chris Brown, Cody Carnes, Kari Jobe, and Steven Furtick",5,0,0,0,0,0,0,0,4,16
7146623,The Commission,"Blake Neesmith, Carter Frodge, Logan Cain, Madison Cain, and Taylor Cain",0,0,0,0,0,0,0,0,0,0
7135153,The Father's House,"Benjamin Hastings, Cory Asbury, and Ethan Hulse",3,0,0,0,0,0,0,0,13,2
1614872,The First Noel,Johann Pachelbel,0,0,0,0,0,0,0,0,5,0
4576532,The Glorious Impossible,"Carl Cartee, Joe Beck, and Wendy Wills",1,0,0,0,0,0,0,0,0,0
7038281,The Lion And The Lamb,"Leeland Mooring, Brenton Brown, and Brian Johnson",4,0,0,0,0,0,0,0,10,7
3148435,The Wonderful Cross,"Lowell Mason, Jesse Reeves, Chris Tomlin, J. D. Walt, and Isaac Watts",1,0,0,0,0,0,0,0,2,0
7141227,There's Nothing That Our God Can't Do,"Brandon Lake, Jonathan Smith, and Kristian Stanfill",5,0,0,0,0,0,0,0,12,5
7018338,This I Believe,Ben Fielding and Matt Crocker,5,0,0,0,0,5,0,0,6,6
6333821,This Is Amazing Grace,"Josh Farro, Jeremy Riddle, and Phil Wickham",3,0,0,2,3,5,0,0,9,0
7098758,This Is How I Fight My Battles,Elyssa Smith and Justin Williams,4,0,0,0,0,0,0,0,6,11
7211413,This Is Our God,"Brandon Lake, Pat Barrett, Phil Wickham, and Steven Furtick",2,0,0,0,0,0,0,0,7,1
3330810,This Is Our God (Chris Tomlin 2001),Chris Tomlin and Jesse Reeves,0,0,0,0,0,0,0,0,4,0
2574653,Trading My Sorrows,Darrell Evans,1,0,0,2,0,0,0,0,1,0
6513081,Trisagion,Fernando Ortega,1,0,0,2,0,0,0,0,4,0
7115744,Way Maker,Osinachi Kalu Okoro Egbu,3,0,0,0,0,0,0,0,8,4
7068424,What A Beautiful Name,Ben Fielding and Brooke Ligertwood,3,0,0,3,0,0,0,0,9,6
27714,What A Friend We Have In Jesus,Charles Crozat Converse and Joseph Medlicott Scriven,2,0,0,0,0,0,0,0,7,0
30983,What Child Is This,William Chatterton Dix,0,0,0,0,0,0,0,0,1,0
5120516,When I Survey,Isaac Watts and Tim Hughes,1,0,0,0,0,0,0,0,2,0
4196651,Who Am I,Mark Hall,0,0,0,0,0,1,0,0,0,0
7102401,Who You Say I Am,Ben Fielding and Reuben Morgan,3,0,0,0,0,0,0,0,5,6
7111931,Worthy,"Mack Brock, Chris Brown, and Steven Furtick",0,0,0,0,0,0,0,0,8,4
6280644,Worthy Of It All,"David Brymer, David Brymer, Ryan Hall, and Ryan Hall",0,0,0,0,0,0,0,0,5,0
7105442,Yes I Will,"Eddie Hoagland, Jonathan Smith, and Mia Fieldes",2,0,0,0,0,0,0,0,7,3
7121852,Yet Not I But Through Christ In Me,"Jonny Robinson, Rich Thompson, and Michael Farren",1,0,0,0,0,0,0,0,3,0
2757944,You Are So Good To Me,"Ben Pasley, Robin Pasley, and Don Chaffer",0,0,0,0,0,0,0,0,1,0
7030071,You Don't Miss A Thing ,Amanda Cook,0,0,0,0,0,0,0,0,1,0
4674166,You Never Let Go,Beth Redman and Matt Redman,0,0,0,0,0,0,0,0,0,0
5012583,You'll Come,Brooke Fraser,1,0,0,0,0,0,0,0,0,3
7194845,You've Already Won,Bryan Fowler and Shane Barnard,0,0,0,0,0,0,0,0,2,0
4477026,Your Grace Is Enough,Matt Maher,0,0,0,0,0,0,0,0,0,0
5337172,Your Love Never Fails,Chris McClarney and Anthony Skinner,1,0,0,0,0,4,0,0,3,0
