name,new,total,Mar 1,Mar 8,Mar 15,Mar 22,Mar 29,Apr 2,Apr 5,Apr 12,Apr 19,Apr 26,May 3,May 10,May 17,May 24,May 31,Jun 7,Jun 14,Jun 21,Jun 28,Jul 5,Jul 12,Jul 19,Jul 26,Aug 2,Aug 9,Aug 16,Aug 23
All Hail King Jesus,,1,,,,,,,,,,,✓,,,,,,,,,,,,,,,,
All Who Are Thirsty,,1,,,,,,✓,,,,,,,,,,,,,,,,,,,,,
Amazing Grace (My Chains Are Gone),,1,,,,,,,,,,,,,,,,,,,,,✓,,,,,,
Ancient Of Days,new,1,,,,,,,,,,,✓,,,,,,,,,,,,,,,,
Battle Belongs,,2,✓,,,,,,,,,,,,,,,,,,,✓,,,,,,,
Be Still My Soul,new,1,,,,,,,,,,,,,,,,,,,,,,,,,,,✓
Be Thou My Vision,,2,,,,,,,,,,,,,,,,,,✓,,,,✓,,,,,
Because Of Christ,,1,,,,,,,,,,,,,,,,,,,,,✓,,,,,,
Build My Life,,1,,,,,,,,,,,,,,,,,,,✓,,,,,,,,
Came To My Rescue,,1,,,,,,,,,,,,,,✓,,,,,,,,,,,,,
Christ Be All Around Me,,3,,,✓,,,,,,,,,,,,✓,,,,,,,,,,✓,,
Christ Be Magnified,,2,,,,✓,,,,,,,,,,,,,,,✓,,,,,,,,
Come As You Are,,1,,,,,,,,,,,,,,,,,,,,,,,,,,✓,
Cornerstone,,2,,,,✓,,,,,,,,,,,,,,,,,,,,✓,,,
Crown Him With Many Crowns,,1,,,,,,,✓,,,,,,,,,,,,,,,,,,,,
Firm Foundation (He Won't),,2,,✓,,,,,,,,,,,,,,,✓,,,,,,,,,,
Fresh Fire,,1,,,,,,,,,,,,,✓,,,,,,,,,,,,,,
Glorious Day,,2,,✓,,,,,,,,,,,,,,,,✓,,,,,,,,,
God I'm Just Grateful,new,1,,,,,,,,,,,,,,,,,,,,,,,,,✓,,
God So Loved,,2,,,,,,,,,,,,✓,,,,,,,,,,,,,,✓,
Good Good Father,,1,,,✓,,,,,,,,,,,,,,,,,,,,,,,,
Goodness Of God,,4,✓,,,,,,✓,,,,,,✓,,,,,,,,,,✓,,,,
Gratitude,,2,,,,,,,✓,,,,,,,,,,✓,,,,,,,,,,
Graves Into Gardens,,2,✓,,,,,,,,,,,,,,,,,,,,,✓,,,,,
Great Are You Lord,,1,,,,,,,,,,,,,,,,,,,,,,,,,,✓,
Great Things,,2,,,,,✓,,,,,,,,,,,✓,,,,,,,,,,,
Greatness,new,2,,,,,,,,,,,,,,,,,,,,✓,,✓,,,,,
Here Again,,1,,,,,,,,,,✓,,,,,,,,,,,,,,,,,
Holy Forever,,1,,,,,,,,,✓,,,,,,,,,,,,,,,,,,
Holy Spirit,,1,,,,,,,,,,,,,,,,,,✓,,,,,,,,,
Hosanna (Praise Is Rising),,1,,,,,✓,,,,,,,,,,,,,,,,,,,,,,
House Of The Lord,,2,,,,,,,,✓,,,,,,,,,,✓,,,,,,,,,
How Deep The Father's Love For Us,,1,,,,,,,,,,,,,,,,,,,,,,,,,✓,,
How Great Is Our God,,1,,,,,,,,,,,,,,,,,,,,,,,,,✓,,
How He Loves,,1,,,,,,,,,,,,,,,,,,,✓,,,,,,,,
I Believe,new,1,,,,,,,,,,✓,,,,,,,,,,,,,,,,,
I Know A Name,,3,,,,,,,✓,,,,,,✓,,,,,,,,,,,,,,✓
I Speak Jesus,,3,,,,✓,,,,,,,,,,,,,,,,,,✓,,,✓,,
I Stand Amazed in the Presence,,1,,,,,,,,,,,,,,,,,,,,,,,,,,,✓
I Thank God,,3,,,,,,,✓,,,,,,,,,,✓,,,,,,,,✓,,
In Christ Alone,,1,,,,,,,,,,,✓,,,,,,,,,,,,,,,,
It Is Well,,1,,,,,,,,,,,,,,,,,,,,,,,,,,,✓
Jesus Messiah,,1,✓,,,,,,,,,,,,,,,,,,,,,,,,,,
Jesus Paid It All,,1,,,,,,,,,,,,,,,,,,,,,,,,,,✓,
King Of Kings,,1,,,,,,,,,,,,✓,,,,,,,,,,,,,,,
King Of My Heart,,1,,,,,,,,✓,,,,,,,,,,,,,,,,,,,
Living Hope,,2,,✓,,,,,,,,,,✓,,,,,,,,,,,,,,,
Lord I Need You,,2,,,,,,,,,,,,,,,✓,,,,,,,,,✓,,,
Make Room,,3,,✓,,,,,,,✓,,,,,,,,,,,,,✓,,,,,
Man Of Sorrows,,1,,,,,,,,,,✓,,,,,,,,,,,,,,,,,
Nothing But The Blood (Plainfield),,2,,,,✓,,,,,,,,,,,,,,,,,,,✓,,,,
Oceans (Where Feet May Fail),,1,✓,,,,,,,,,,,,,,,,,,,,,,,,,,
Open Up The Heavens,,1,,,✓,,,,,,,,,,,,,,,,,,,,,,,,
Praise,,1,,,,,,,,,✓,,,,,,,,,,,,,,,,,,
Praise To The Lord the Almighty,,1,,,,,,,,,,,,,,,,,,,,,✓,,,,,,
Psalm 23 (I Am Not Alone),,1,,,,,,,,,,,,,,,,,,,,✓,,,,,,,
Raise A Hallelujah,,3,,✓,,,,,,,,✓,,,,,,,,,,✓,,,,,,,
Reckless Love,,1,,,,,,,,,,,,,,,,,,,,,,,✓,,,,
Rest On Us,,3,,,,,,,,,,✓,,,,✓,,,✓,,,,,,,,,,
Revelation Song,,1,,,,,,✓,,,,,,,,,,,,,,,,,,,,,
Rising Sun,,1,,,,,,,,,✓,,,,,,,,,,,,,,,,,,
Run To The Father,,3,,,,,✓,,,,,,,,,,✓,,,,,,,,✓,,,,
Same God,,1,,,,,,,,,,,,,✓,,,,,,,,,,,,,,
See A Victory,,1,,,,,,,,,,,,,,,,,,,,✓,,,,,,,
Simple Kingdom,,1,,,,,,✓,,,,,,,,,,,,,,,,,,,,,
Still I Will Praise,new,1,,,,,,,,,,,,✓,,,,,,,,,,,,,,,
Take My Life,,1,,,,,,✓,,,,,,,,,,,,,,,,,,,,,
Thank You Jesus For The Blood,new,3,,,,,,✓,✓,,✓,,,,,,,,,,,,,,,,,,
The Blessing,,2,,,,,,,,,,,,,,✓,,,,,,,,,,✓,,,
The Father's House,,2,,,,,✓,,,,,,,,,,,,,,,,✓,,,,,,
The Lord Will Provide,,4,,,✓,,,,,,,,✓,,,,,✓,,,,,,,✓,,,,
The Stand,new,1,,,,,,,,,,,,,,,,,,✓,,,,,,,,,
The Wonderful Cross,,2,,,,,,,,,,,,,,,,✓,,,,,,,,✓,,,
This Is Amazing Grace,,1,,,,,,,,,,,,✓,,,,,,,,,,,,,,,
This Is How I Fight My Battles,,1,,,,,,,,,,,,,,,✓,,,,,,,,,,,,
This Is Our God,,1,,,,,,,,,,,,,✓,,,,,,,,,,,,,,
Trust In God,,2,,,,✓,,,,,,,,,,,,✓,,,,,,,,,,,
Washed,new,4,,,,,,,,,,,,,,,✓,,✓,,,,✓,,,,,,✓
We Exalt Thee,new,1,,,,,,,,,,,,,,,,,,,,,,✓,,,,,
We Praise You,,4,,,,,,,,✓,,,,,,✓,,,,,✓,,,,,✓,,,
What A Beautiful Name,,1,,,,,,,,✓,,,,,,,,,,,,,,,,,,,
Who Else,new,4,,,,,,,,✓,,,✓,,,,,✓,,,,,,,,,,✓,
You've Already Won,,2,,,,,✓,,,,,,,,,,,,,,✓,,,,,,,,
